<?xml version="1.0" encoding="UTF-8"?>
<beans xmlns="http://www.springframework.org/schema/beans"
       xmlns:xsi="http://www.w3.org/2001/XMLSchema-instance"
       xmlns:aop="http://www.springframework.org/schema/aop"
       xmlns:tx="http://www.springframework.org/schema/tx"
       xmlns:context="http://www.springframework.org/schema/context"
       xsi:schemaLocation="http://www.springframework.org/schema/beans
                       http://www.springframework.org/schema/beans/spring-beans.xsd
                       http://www.springframework.org/schema/aop
                       http://www.springframework.org/schema/aop/spring-aop.xsd
                       http://www.springframework.org/schema/tx
                       http://www.springframework.org/schema/tx/spring-tx-3.2.xsd
                       http://www.springframework.org/schema/context
                       http://www.springframework.org/schema/context/spring-context-3.2.xsd">

    <!--配置数据源-->
    <bean id="dataSource" class="org.apache.commons.dbcp.BasicDataSource">
        <property name="driverClassName" value="com.mysql.jdbc.Driver"></property>
        <property name="url" value="jdbc:mysql://39.105.105.186:3306/SpringMybatis?useUnicode=true&amp;characterEncoding=UTF-8"></property>
        <property name="username" value="root"></property>
        <property name="password" value="root"></property>
    </bean>
    <!--配置SqlSessionFactoryBean-->
    <bean id="sqlSessionFactory" class="org.mybatis.spring.SqlSessionFactoryBean">
        <!--数据源-->
        <property name="dataSource" ref="dataSource"></property>
        <!--大配置文件-->
        <property name="configLocation" value="classpath:mybatis-config.xml"></property>
        <!--&lt;!&ndash;映射文件&ndash;&gt;-->
        <property name="mapperLocations">
            <list>
                <value>classpath:mapper/injectionMapper2.Xml</value>
            </list>
        </property>
    </bean>
    <!--Dao装配信息-->
    <bean class="org.mybatis.spring.mapper.MapperScannerConfigurer">
        <property name="basePackage" value="injectionMapper2.dao"></property>
    </bean>
    <!--Servicce-->
    <!--扫描注解定义-->
    <context:component-scan base-package="injectionMapper2.service" />
    <!--事务管理器-->
    <bean id="txManager" class="org.springframework.jdbc.datasource.DataSourceTransactionManager">
        <property name="dataSource" ref="dataSource"></property>
    </bean>
    <!--事务增强-->
    <tx:advice id="txAdvice" transaction-manager="txManager" >
        <tx:attributes>
            <tx:method name="all*" timeout="1000"></tx:method>
            <tx:method name="*" propagation="REQUIRED"></tx:method>
        </tx:attributes>
    </tx:advice>
    <!--配置切面-->
    <aop:config>
        <aop:pointcut
                id="myPoint"
                expression="execution(public * injectionMapper2.service.impl.SveMlqUserDaoImpl.*(..))"/>
        <aop:advisor advice-ref="txAdvice" pointcut-ref="myPoint"/>
    </aop:config>


</beans>