<?xml version="1.0" encoding="UTF-8" ?>
<!DOCTYPE mapper  PUBLIC "-//mybatis.org//DTD Mapper 3.0//EN"
        "http://mybatis.org/dtd/mybatis-3-mapper.dtd">

<mapper namespace="injectionMapper1.dao.MlqUserDao">

    <!--查询用户列表信息-->
    <resultMap id="userList" type="injectionMapper1.entity.MlqUser">
        <result property="uId" column="uId"></result>
        <result property="userName" column="userName"></result>
        <result property="userPwd" column="userPwd"></result>
        <result property="realName" column="realName"></result>
    </resultMap>

    <select id="allList" parameterType="injectionMapper1.entity.MlqUser" resultMap="userList">
        SELECT * FROM `Mlq_User` WHERE `userName` LIKE CONCAT ('%',#{userName},'%') and `userPwd`=#{userPwd}
    </select>







</mapper>