<?xml version="1.0" encoding="UTF-8"?>
<beans xmlns="http://www.springframework.org/schema/beans"
       xmlns:xsi="http://www.w3.org/2001/XMLSchema-instance"
       xmlns:aop="http://www.springframework.org/schema/aop"
       xmlns:context="http://www.springframework.org/schema/context"
       xmlns:util="http://www.springframework.org/schema/util"
       xsi:schemaLocation="http://www.springframework.org/schema/beans
                        http://www.springframework.org/schema/beans/spring-beans.xsd
                       http://www.springframework.org/schema/aop
                       http://www.springframework.org/schema/aop/spring-aop.xsd
                       http://www.springframework.org/schema/util
                       http://www.springframework.org/schema/util/spring-util.xsd
                       http://www.springframework.org/schema/context
                        http://www.springframework.org/schema/context/spring-context-3.2.xsd
">

    <!--配置数据源-->
    <bean id="datasource" class="org.apache.commons.dbcp.BasicDataSource">
        <property name="driverClassName" value="com.mysql.jdbc.Driver"></property>
        <property name="url" value="jdbc:mysql://39.105.105.186:3306/SpringMybatis?useUnicode=true&amp;characterEncoding=UTF-8"></property>
        <property name="username" value="root"></property>
        <property name="password" value="root"></property>
    </bean>
    <!--配置SqlSessionFactoryBean-->
    <bean id="sqlSessionFactory" class="org.mybatis.spring.SqlSessionFactoryBean">
        <!--数据源-->
        <property name="dataSource" ref="datasource"></property>
        <!--大配置文件-->
        <property name="configLocation" value="classpath:mybatis-config.xml"></property>
        <!--映射文件-->
        <property name="mapperLocations">
            <list>
                <value>classpath:mapper/injectionMapper.Xml</value>
            </list>
        </property>
    </bean>
    <!--装配信息-->
    <bean id="allList" class="org.mybatis.spring.mapper.MapperFactoryBean">
        <property name="mapperInterface" value="injectionMapper.dao.MlqUserDao"></property>
        <property name="sqlSessionFactory" ref="sqlSessionFactory"></property>
    </bean>


</beans>