<?xml version="1.0" encoding="UTF-8"?>
<beans xmlns="http://www.springframework.org/schema/beans"
       xmlns:xsi="http://www.w3.org/2001/XMLSchema-instance"
       xmlns:mvc="http://www.springframework.org/schema/mvc"
       xmlns:context="http://www.springframework.org/schema/context"
       xsi:schemaLocation="http://www.springframework.org/schema/beans
                       http://www.springframework.org/schema/beans/spring-beans.xsd
                       http://www.springframework.org/schema/mvc
                       http://www.springframework.org/schema/mvc/spring-mvc-4.2.xsd
                       http://www.springframework.org/schema/context
                       http://www.springframework.org/schema/context/spring-context-4.2.xsd
">
    <!--配置注解处理器映射 HandlerMapping-->
    <mvc:annotation-driven/>
    <!--定义扫描器-->
    <context:component-scan base-package="dataAndFormat.controller"/>
    <!--配置视图解析器-->
    <bean class="org.springframework.web.servlet.view.InternalResourceViewResolver">
        <property name="prefix" value="/"></property>
        <property name="suffix" value=".jsp"></property>
    </bean>

    <!--设置自定义格式日期-->
    <bean id="MyConversionService" class="org.springframework.context.support.ConversionServiceFactoryBean">
        <property name="converters">
            <list>
                <bean class="dataAndFormat.tools.StringToDateConverter">
                    <constructor-arg
                            type="java.lang.String"
                            value="yyyy-MM-dd">
                    </constructor-arg>
                </bean>
            </list>
        </property>
    </bean>

    <!--设置字符集编码问题-->
    <mvc:annotation-driven >
        <mvc:message-converters>
            <bean class="org.springframework.http.converter.StringHttpMessageConverter">
                <property name="supportedMediaTypes">
                    <list>
                        <value>application/json;charset=UTF-8</value>
                    </list>
                </property>
            </bean>
            <!--设置日期格式-->
            <bean class="com.alibaba.fastjson.support.spring.FastJsonHttpMessageConverter">
                <property name="supportedMediaTypes">
                    <list>
                        <value>text/html;charset=UTF-8</value>
                        <value>application/json</value>
                    </list>
                </property>
                <property name="features">
                    <list>
                        <value>WriteDateUseDateFormat</value>
                    </list>
                </property>
            </bean>
        </mvc:message-converters>
    </mvc:annotation-driven>


</beans>