<?xml version="1.0" encoding="UTF-8" ?>
<!DOCTYPE mapper  PUBLIC "-//mybatis.org//DTD Mapper 3.0//EN"
        "http://mybatis.org/dtd/mybatis-3-mapper.dtd">

<mapper namespace="integration.dao.UserMapper">

    <!--查询用户列表信息-->
    <resultMap id="userList" type="integration.bean.MlqUser">
        <result property="uId" column="uId"></result>
        <result property="userName" column="userName"></result>
        <result property="userPwd" column="userPwd"></result>
        <result property="realName" column="realName"></result>
    </resultMap>
    <select id="UserLogin" resultType="integration.bean.MlqUser">
        SELECT * FROM `Mlq_User`
        <trim prefix="where" prefixOverrides="and / or">
            `userName`=#{userName} and `userPwd`=#{userPwd}
        </trim>
    </select>






</mapper>