<?xml version="1.0" encoding="UTF-8"?>
<beans xmlns="http://www.springframework.org/schema/beans"
       xmlns:context="http://www.springframework.org/schema/context"
       xmlns:aop="http://www.springframework.org/schema/aop"
       xmlns:mvc="http://www.springframework.org/schema/mvc"
       xmlns:tx="http://www.springframework.org/schema/tx"
       xmlns:xsi="http://www.w3.org/2001/XMLSchema-instance"
       xsi:schemaLocation="http://www.springframework.org/schema/beans http://www.springframework.org/schema/beans/spring-beans.xsd
     http://www.springframework.org/schema/context  http://www.springframework.org/schema/context/spring-context.xsd
     http://www.springframework.org/schema/aop http://www.springframework.org/schema/aop/spring-aop.xsd
     http://www.springframework.org/schema/mvc  http://www.springframework.org/schema/mvc/spring-mvc.xsd
     http://www.springframework.org/schema/tx http://www.springframework.org/schema/tx/spring-tx.xsd
">

    <!--识别jdbc.properties-->
    <context:property-placeholder location="classpath:jdbc.properties"></context:property-placeholder>
    <!--Dao层-->
    <import resource="applicationContext-dao.xml"></import>
    <!--Service层-->
    <import resource="applicationContext-service.xml"></import>
    <!--视图解析-->
    <import resource="ViewParsing.xml"/>

    <!-- 通过mvc:resources设置静态资源，这样servlet就会处理这些静态资源，而不通过控制器 -->
    <!-- 设置不过滤内容，比如:css,jquery,img 等资源文件 -->
    <!--所有引用js的文件，从laydate中找-->
    <mvc:resources mapping="/js/**" location="/js/"/>
    <mvc:resources mapping="/css/**" location="/css/"/>
    <!--配置数据源-->
    <bean id="dataSource" class="com.mchange.v2.c3p0.ComboPooledDataSource">
        <property name="driverClass" value="${jdbc.driverClass}"></property>
        <property name="jdbcUrl" value="${jdbc.jdbcUrl}"></property>
        <property name="user" value="${jdbc.user}"></property>
        <property name="password" value="${jdbc.password}"></property>
    </bean>

    <!--配 id="sqlSessionFactory" class="org.mybatis.spring.SqlSessionFactoryBean">数据源-->
    <bean class="org.mybatis.spring.SqlSessionFactoryBean">
        <property name="dataSource" ref="dataSource"></property>
        <!--大配置文件-->
        <property name="configLocation" value="classpath:mybatis-config.xml"></property>
        <!--&lt;!&ndash;映射文件&ndash;&gt;-->
        <property name="mapperLocations">
            <list>
                <value>classpath:Mapper/TestClassMapper.xml</value>
            </list>
        </property>
        <property name="plugins">
            <array>
                <bean class="com.github.pagehelper.PageHelper">
                    <property name="properties">
                        <value>
                            <!-- 数据库方言 -->
                            dialect=mysql
                        </value>
                    </property>
                </bean>
            </array>
        </property>
    </bean>

    <!--事物管理器-->
    <bean id="transactionManager" class="org.springframework.jdbc.datasource.DataSourceTransactionManager">
        <property name="dataSource" ref="dataSource"></property>
    </bean>
    <!--6.事务-->
    <tx:annotation-driven transaction-manager="transactionManager"></tx:annotation-driven>


</beans>