<?xml version="1.0" encoding="UTF-8"?>
<beans xmlns="http://www.springframework.org/schema/beans"
       xmlns:xsi="http://www.w3.org/2001/XMLSchema-instance"
       xmlns:aop="http://www.springframework.org/schema/aop"
       xmlns:tx="http://www.springframework.org/schema/tx"
       xmlns:mvc="http://www.springframework.org/schema/mvc"
       xmlns:context="http://www.springframework.org/schema/context"
       xsi:schemaLocation="http://www.springframework.org/schema/beans
                       http://www.springframework.org/schema/beans/spring-beans.xsd
                       http://www.springframework.org/schema/aop
                       http://www.springframework.org/schema/aop/spring-aop.xsd
                       http://www.springframework.org/schema/tx
                       http://www.springframework.org/schema/tx/spring-tx-3.2.xsd
                       http://www.springframework.org/schema/mvc
                       http://www.springframework.org/schema/mvc/spring-mvc.xsd
                       http://www.springframework.org/schema/context
                       http://www.springframework.org/schema/context/spring-context-3.2.xsd">

    <!--Dao层-->
    <import resource="integration-dao.xml"></import>
    <!--Service层-->
    <import resource="integration-service.xml"></import>
    <!--&lt;!&ndash;文件上传配置&ndash;&gt;-->
    <import resource="MultipartResolver.xml"></import>

    <!--配置注解处理器映射 HandlerMapping-->
    <mvc:annotation-driven/>
    <!--定义扫描器-->
    <context:component-scan base-package="mlq.controller"/>
    <!--配置视图解析器-->
    <bean class="org.springframework.web.servlet.view.InternalResourceViewResolver">
        <property name="prefix" value="/"></property>
        <property name="suffix" value=".jsp"></property>
    </bean>

    <!--灵活配置数据源四大要素-->
    <bean class="org.springframework.beans.factory.config.PropertyPlaceholderConfigurer">
        <property name="location">
            <value>classpath:config.properties</value>
        </property>
    </bean>

    <!--配置数据源-->
    <bean id="dataSource" class="org.apache.commons.dbcp.BasicDataSource">
        <property name="driverClassName" value="${jdbc.driver}"></property>
        <property name="url" value="${jdbc.url}"></property>
        <property name="username" value="${jdbc.username}"></property>
        <property name="password" value="${jdbc.password}"></property>
        <!--数据库在连接池初始化连接个数，默认0-->
        <property name="initialSize" value="${jdbc.initialSize}"></property>
        <!--连接池最小个数，默认0：低于自定义的数量连接池会重新创建连接-->
        <property name="minIdle" value="${jdbc.minIdle}"></property>
        <!--连接池中同时连接的最大个数，默认连接8-->
        <property name="maxActive" value="${jdbc.maxActive}"></property>
        <!--定义连接池允许最大空闲连接数，默认8：负数不受限制-->
        <property name="maxIdle" value="${jdbc.maxIdle}"></property>
        <!--定义最大等待连接时间：单位毫秒，-1位无限等待-->
        <property name="maxWait" value="${jdbc.maxWait}"></property>
        <!--开启回收机制后，超出指定时间后进行回收-->
        <property name="removeAbandonedTimeout" value="${jdbc.removeAbandonedTimeout}"></property>
        <!--告诉连接池是否开启无用连接是否进行回收-->
        <property name="removeAbandoned" value="${jdbc.removeAbandoned}"></property>
        <!--sql心跳：数据库死掉后重启操作有效避免系统重启-->
        <!--定义开启循环校验-->
        <property name="testWhileIdle" value="true"/>
        <!--定义对拿到连接是否校验-->
        <property name="testOnBorrow" value="false"/>
        <!--定义return Object，对返回的连接是否校验-->
        <property name="testOnReturn" value="false"/>
        <!--定义校验所使用的sql语句-->
        <property name="validationQuery" value="select 1"/>
        <!--定义时间间隔：单位毫秒-->
        <property name="minEvictableIdleTimeMillis" value="60000"/>
        <!--定义每次校验的连接数-->
        <property name="numTestsPerEvictionRun" value="${jdbc.maxActive}"/>

    </bean>

    <!--配置SqlSessionFactoryBean-->
    <bean id="sqlSessionFactory" class="org.mybatis.spring.SqlSessionFactoryBean">
        <!--数据源-->
        <property name="dataSource" ref="dataSource"></property>
        <!--大配置文件-->
        <property name="configLocation" value="classpath:mybatis-config.xml"></property>
        <!--&lt;!&ndash;映射文件&ndash;&gt;-->
        <property name="mapperLocations">
            <list>
                <value>classpath:mapper/UserMapper.Xml</value>
            </list>
        </property>
    </bean>

    <!--事务管理器-->
    <bean id="txManager" class="org.springframework.jdbc.datasource.DataSourceTransactionManager">
        <property name="dataSource" ref="dataSource"></property>
    </bean>

    <aop:aspectj-autoproxy/>
    <!--配置切面-->
    <aop:config proxy-target-class="true">
        <aop:pointcut
                id="myPoint"
                expression="execution(public * mlq.service.impl.UserMapperServiceImpl.*(..))"/>
        <aop:advisor advice-ref="txAdvice" pointcut-ref="myPoint"/>
    </aop:config>
    <!--事务增强-->
    <tx:advice id="txAdvice" transaction-manager="txManager" >
        <tx:attributes>
            <tx:method name="*" propagation="REQUIRED"
                       rollback-for="Exception"></tx:method>
        </tx:attributes>
    </tx:advice>



</beans>