<?xml version="1.0" encoding="UTF-8" ?>
<!DOCTYPE mapper  PUBLIC "-//mybatis.org//DTD Mapper 3.0//EN"
        "http://mybatis.org/dtd/mybatis-3-mapper.dtd">

<mapper namespace="annotatedTransaction.dao.MlqUserDao">

    <!--查询用户列表信息-->
    <resultMap id="userList" type="annotatedTransaction.entity.MlqUser">
        <result property="uId" column="uId"></result>
        <result property="userName" column="userName"></result>
        <result property="userPwd" column="userPwd"></result>
        <result property="realName" column="realName"></result>
    </resultMap>
    <select id="allList" parameterType="annotatedTransaction.entity.MlqUser" resultMap="userList">
        SELECT * FROM `Mlq_User` WHERE `userName` LIKE CONCAT ('%',#{userName},'%') and `userPwd`=#{userPwd}
    </select>
    <!--添加单个用户信息-->
    <insert id="addUser" parameterType="annotatedTransaction.entity.MlqUser">
        INSERT INTO `Mlq_User`(`userName`,`userPwd`,`realName`)
        VALUES(#{userName},#{userPwd},#{realName})
    </insert>
    <!--添加多个用户信息-->
    <insert id="addUsers" parameterType="annotatedTransaction.entity.MlqUser">
        INSERT INTO `Mlq_User`(`userName`,`userPwd`,`realName`)
        VALUES(#{userName},#{userPwd},#{realName})
    </insert>






</mapper>