<?xml version="1.0" encoding="UTF-8" ?>
<!DOCTYPE mapper  PUBLIC "-//mybatis.org//DTD Mapper 3.0//EN"
        "http://mybatis.org/dtd/mybatis-3-mapper.dtd">

<mapper namespace="mlq.mapper.UserMapper">

<!--添加用户-->
<insert id="addUser" parameterType="User">

    INSERT INTO `user`(`userName`,`userPwd`,`realName`)
    VALUES(#{userName},#{userPwd},#{realName})

</insert>
<!--修改用户信息-->
<update id="updUser" parameterType="User">
    UPDATE `user`
    <trim prefix="SET" suffixOverrides="," suffix=" where uId=#{uId}">
        <if test="userName!=null and userName!=''">
            `userName`=#{userName},
        </if>
        <if test="userPwd!=null and userPwd!=''">
            `userPwd`=#{userPwd},
        </if>
        <if test="realName!=null and realName!=''">
            `realName`=#{realName},
        </if>
    </trim>
</update>
<!--查询单个用户-->
    <select id="getUser" resultType="User">
        SELECT * FROM `user` WHERE `uId`=#{id}
    </select>


</mapper>