<?xml version="1.0" encoding="UTF-8"?>
<beans xmlns="http://www.springframework.org/schema/beans"
       xmlns:xsi="http://www.w3.org/2001/XMLSchema-instance"
       xmlns:aop="http://www.springframework.org/schema/aop"
       xmlns:tx="http://www.springframework.org/schema/tx"
       xmlns:context="http://www.springframework.org/schema/context"
       xsi:schemaLocation="http://www.springframework.org/schema/beans
                       http://www.springframework.org/schema/beans/spring-beans.xsd
                       http://www.springframework.org/schema/aop
                       http://www.springframework.org/schema/aop/spring-aop.xsd
                       http://www.springframework.org/schema/tx
                       http://www.springframework.org/schema/tx/spring-tx-3.2.xsd
                       http://www.springframework.org/schema/context
                       http://www.springframework.org/schema/context/spring-context-3.2.xsd">

    <!--定义Bean:scope="singleton"对象测试作用域-->
    <bean id="userSingleton" class="springBean.entity.MlqUser" scope="singleton">
        <property name="userName" value="ZF"></property>
    </bean>
    <!--定义Bean:scope="prototype"对象测试作用域-->
    <bean id="userPrototype" class="springBean.entity.MlqUser" scope="prototype">
        <property name="userName" value="ZF"></property>
    </bean>

</beans>